INSERT INTO PERMISSION (PERMISSION_ID, permission) VALUES ('0', 'ADMIN');
INSERT INTO PERMISSION (PERMISSION_ID, permission) VALUES ('1', 'PERM_VIEW_USER');
INSERT INTO PERMISSION (PERMISSION_ID, permission) VALUES ('2', 'PERM_REMOVE_USER');
INSERT INTO PERMISSION (PERMISSION_ID, permission) VALUES ('3', 'PERM_EDIT_USER');
INSERT INTO PERMISSION (PERMISSION_ID, permission) VALUES ('4', 'PERM_CREATE_USER');
INSERT INTO PERMISSION (PERMISSION_ID, permission) VALUES ('5', 'PERM_SEARCH_USER');
INSERT INTO PERMISSION (PERMISSION_ID, permission) VALUES ('6', 'PERM_VIEW_ROOM');
INSERT INTO PERMISSION (PERMISSION_ID, permission) VALUES ('7', 'PERM_REMOVE_ROOM');
INSERT INTO PERMISSION (PERMISSION_ID, permission) VALUES ('8', 'PERM_EDIT_ROOM');
INSERT INTO PERMISSION (PERMISSION_ID, permission) VALUES ('9', 'PERM_CREATE_ROOM');
INSERT INTO PERMISSION (PERMISSION_ID, permission) VALUES ('10', 'PERM_SEARCH_ROOM');
INSERT INTO PERMISSION (PERMISSION_ID, permission) VALUES ('11', 'PERM_VIEW_RESERVATION');
INSERT INTO PERMISSION (PERMISSION_ID, permission) VALUES ('12', 'PERM_REMOVE_RESERVATION');
INSERT INTO PERMISSION (PERMISSION_ID, permission) VALUES ('13', 'PERM_EDIT_RESERVATION');
INSERT INTO PERMISSION (PERMISSION_ID, permission) VALUES ('14', 'PERM_CREATE_RESERVATION');
INSERT INTO PERMISSION (PERMISSION_ID, permission) VALUES ('15', 'PERM_CREATE_REQUEST');
INSERT INTO PERMISSION (PERMISSION_ID, permission) VALUES ('16', 'PERM_VIEW_REQUEST');
INSERT INTO PERMISSION (PERMISSION_ID, permission) VALUES ('17', 'PERM_REMOVE_REQUEST');
INSERT INTO PERMISSION (PERMISSION_ID, permission) VALUES ('18', 'PERM_EDIT_REQUEST');
INSERT INTO PERMISSION (PERMISSION_ID, permission) VALUES ('19', 'PERM_CREATE_PERSONAL_DATA');
INSERT INTO PERMISSION (PERMISSION_ID, permission) VALUES ('20', 'PERM_REMOVE_PERSONAL_DATA');
INSERT INTO PERMISSION (PERMISSION_ID, permission) VALUES ('21', 'PERM_EDIT_PERSONAL_DATA');
INSERT INTO PERMISSION (PERMISSION_ID, permission) VALUES ('22', 'PERM_VIEW_PERSONAL_DATA');
INSERT INTO PERMISSION (PERMISSION_ID, permission) VALUES ('23', 'PERM_CREATE_MEAL');
INSERT INTO PERMISSION (PERMISSION_ID, permission) VALUES ('24', 'PERM_VIEW_MEAL');
INSERT INTO PERMISSION (PERMISSION_ID, permission) VALUES ('25', 'PERM_EDIT_MEAL');
INSERT INTO PERMISSION (PERMISSION_ID, permission) VALUES ('26', 'PERM_REMOVE_MEAL');
INSERT INTO PERMISSION (PERMISSION_ID, permission) VALUES ('27', 'PERM_SEARCH_MEAL');
INSERT INTO PERMISSION (PERMISSION_ID, permission) VALUES ('28', 'PERM_CREATE_GUEST');
INSERT INTO PERMISSION (PERMISSION_ID, permission) VALUES ('29', 'PERM_VIEW_GUEST');
INSERT INTO PERMISSION (PERMISSION_ID, permission) VALUES ('30', 'PERM_EDIT_GUEST');
INSERT INTO PERMISSION (PERMISSION_ID, permission) VALUES ('31', 'PERM_REMOVE_GUEST');
INSERT INTO PERMISSION (PERMISSION_ID, permission) VALUES ('32', 'PERM_SEARCH_GUEST');
INSERT INTO PERMISSION (PERMISSION_ID, permission) VALUES ('33', 'PERM_CREATE_EMPLOYEE');
INSERT INTO PERMISSION (PERMISSION_ID, permission) VALUES ('34', 'PERM_VIEW_EMPLOYEE');
INSERT INTO PERMISSION (PERMISSION_ID, permission) VALUES ('35', 'PERM_EDIT_EMPLOYEE');
INSERT INTO PERMISSION (PERMISSION_ID, permission) VALUES ('36', 'PERM_REMOVE_EMPLOYEE');
INSERT INTO PERMISSION (PERMISSION_ID, permission) VALUES ('37', 'PERM_SEARCH_EMPLOYEE');
INSERT INTO PERMISSION (PERMISSION_ID, permission) VALUES ('38', 'PERM_VIEW_RESERVATION_GUEST');
INSERT INTO PERMISSION (PERMISSION_ID, permission) VALUES ('39', 'PERM_REMOVE_RESERVATION_GUEST');
INSERT INTO PERMISSION (PERMISSION_ID, permission) VALUES ('40', 'PERM_EDIT_RESERVATION_GUEST');
INSERT INTO PERMISSION (PERMISSION_ID, permission) VALUES ('41', 'PERM_CREATE_RESERVATION_GUEST');

INSERT INTO ROLE (USER_ROLE_ID, ROLE_NAME) VALUES ('1', 'ADMIN');
INSERT INTO ROLE (USER_ROLE_ID, ROLE_NAME) VALUES ('2', 'MANAGER');
INSERT INTO ROLE (USER_ROLE_ID, ROLE_NAME) VALUES ('3', 'RECEPTION');
INSERT INTO ROLE (USER_ROLE_ID, ROLE_NAME) VALUES ('4', 'SERVICE');
INSERT INTO ROLE (USER_ROLE_ID, ROLE_NAME) VALUES ('5', 'CLIENT');


INSERT INTO ROLE_PERMISSION (USER_ROLE_ID, PERMISSION_ID) VALUES ('1', '0');
INSERT INTO ROLE_PERMISSION (USER_ROLE_ID, PERMISSION_ID) VALUES ('1', '1');
INSERT INTO ROLE_PERMISSION (USER_ROLE_ID, PERMISSION_ID) VALUES ('1', '2');
INSERT INTO ROLE_PERMISSION (USER_ROLE_ID, PERMISSION_ID) VALUES ('1', '3');
INSERT INTO ROLE_PERMISSION (USER_ROLE_ID, PERMISSION_ID) VALUES ('1', '4');
INSERT INTO ROLE_PERMISSION (USER_ROLE_ID, PERMISSION_ID) VALUES ('1', '5');
INSERT INTO ROLE_PERMISSION (USER_ROLE_ID, PERMISSION_ID) VALUES ('1', '6');
INSERT INTO ROLE_PERMISSION (USER_ROLE_ID, PERMISSION_ID) VALUES ('1', '7');
INSERT INTO ROLE_PERMISSION (USER_ROLE_ID, PERMISSION_ID) VALUES ('1', '8');
INSERT INTO ROLE_PERMISSION (USER_ROLE_ID, PERMISSION_ID) VALUES ('1', '9');
INSERT INTO ROLE_PERMISSION (USER_ROLE_ID, PERMISSION_ID) VALUES ('1', '10');
INSERT INTO ROLE_PERMISSION (USER_ROLE_ID, PERMISSION_ID) VALUES ('1', '11');
INSERT INTO ROLE_PERMISSION (USER_ROLE_ID, PERMISSION_ID) VALUES ('1', '12');
INSERT INTO ROLE_PERMISSION (USER_ROLE_ID, PERMISSION_ID) VALUES ('1', '13');
INSERT INTO ROLE_PERMISSION (USER_ROLE_ID, PERMISSION_ID) VALUES ('1', '14');
INSERT INTO ROLE_PERMISSION (USER_ROLE_ID, PERMISSION_ID) VALUES ('1', '15');
INSERT INTO ROLE_PERMISSION (USER_ROLE_ID, PERMISSION_ID) VALUES ('1', '16');
INSERT INTO ROLE_PERMISSION (USER_ROLE_ID, PERMISSION_ID) VALUES ('1', '17');
INSERT INTO ROLE_PERMISSION (USER_ROLE_ID, PERMISSION_ID) VALUES ('1', '18');
INSERT INTO ROLE_PERMISSION (USER_ROLE_ID, PERMISSION_ID) VALUES ('1', '19');
INSERT INTO ROLE_PERMISSION (USER_ROLE_ID, PERMISSION_ID) VALUES ('1', '20');
INSERT INTO ROLE_PERMISSION (USER_ROLE_ID, PERMISSION_ID) VALUES ('1', '21');
INSERT INTO ROLE_PERMISSION (USER_ROLE_ID, PERMISSION_ID) VALUES ('1', '22');
INSERT INTO ROLE_PERMISSION (USER_ROLE_ID, PERMISSION_ID) VALUES ('1', '23');
INSERT INTO ROLE_PERMISSION (USER_ROLE_ID, PERMISSION_ID) VALUES ('1', '24');
INSERT INTO ROLE_PERMISSION (USER_ROLE_ID, PERMISSION_ID) VALUES ('1', '25');
INSERT INTO ROLE_PERMISSION (USER_ROLE_ID, PERMISSION_ID) VALUES ('1', '26');
INSERT INTO ROLE_PERMISSION (USER_ROLE_ID, PERMISSION_ID) VALUES ('1', '27');
INSERT INTO ROLE_PERMISSION (USER_ROLE_ID, PERMISSION_ID) VALUES ('1', '28');
INSERT INTO ROLE_PERMISSION (USER_ROLE_ID, PERMISSION_ID) VALUES ('1', '29');
INSERT INTO ROLE_PERMISSION (USER_ROLE_ID, PERMISSION_ID) VALUES ('1', '30');
INSERT INTO ROLE_PERMISSION (USER_ROLE_ID, PERMISSION_ID) VALUES ('1', '31');
INSERT INTO ROLE_PERMISSION (USER_ROLE_ID, PERMISSION_ID) VALUES ('1', '32');
INSERT INTO ROLE_PERMISSION (USER_ROLE_ID, PERMISSION_ID) VALUES ('1', '33');
INSERT INTO ROLE_PERMISSION (USER_ROLE_ID, PERMISSION_ID) VALUES ('1', '34');
INSERT INTO ROLE_PERMISSION (USER_ROLE_ID, PERMISSION_ID) VALUES ('1', '35');
INSERT INTO ROLE_PERMISSION (USER_ROLE_ID, PERMISSION_ID) VALUES ('1', '36');
INSERT INTO ROLE_PERMISSION (USER_ROLE_ID, PERMISSION_ID) VALUES ('1', '37');
INSERT INTO ROLE_PERMISSION (USER_ROLE_ID, PERMISSION_ID) VALUES ('1', '38');
INSERT INTO ROLE_PERMISSION (USER_ROLE_ID, PERMISSION_ID) VALUES ('1', '39');
INSERT INTO ROLE_PERMISSION (USER_ROLE_ID, PERMISSION_ID) VALUES ('1', '40');
INSERT INTO ROLE_PERMISSION (USER_ROLE_ID, PERMISSION_ID) VALUES ('1', '41');

INSERT INTO ROLE_PERMISSION (USER_ROLE_ID, PERMISSION_ID) VALUES ('3', '5');
INSERT INTO ROLE_PERMISSION (USER_ROLE_ID, PERMISSION_ID) VALUES ('3', '9');
INSERT INTO ROLE_PERMISSION (USER_ROLE_ID, PERMISSION_ID) VALUES ('3', '10');
INSERT INTO ROLE_PERMISSION (USER_ROLE_ID, PERMISSION_ID) VALUES ('3', '11');
INSERT INTO ROLE_PERMISSION (USER_ROLE_ID, PERMISSION_ID) VALUES ('3', '12');
INSERT INTO ROLE_PERMISSION (USER_ROLE_ID, PERMISSION_ID) VALUES ('3', '13');
INSERT INTO ROLE_PERMISSION (USER_ROLE_ID, PERMISSION_ID) VALUES ('3', '14');
INSERT INTO ROLE_PERMISSION (USER_ROLE_ID, PERMISSION_ID) VALUES ('3', '1');
INSERT INTO ROLE_PERMISSION (USER_ROLE_ID, PERMISSION_ID) VALUES ('3', '17');
INSERT INTO ROLE_PERMISSION (USER_ROLE_ID, PERMISSION_ID) VALUES ('3', '20');
INSERT INTO ROLE_PERMISSION (USER_ROLE_ID, PERMISSION_ID) VALUES ('3', '25');
INSERT INTO ROLE_PERMISSION (USER_ROLE_ID, PERMISSION_ID) VALUES ('3', '28');
INSERT INTO ROLE_PERMISSION (USER_ROLE_ID, PERMISSION_ID) VALUES ('3', '38');
INSERT INTO ROLE_PERMISSION (USER_ROLE_ID, PERMISSION_ID) VALUES ('3', '39');
INSERT INTO ROLE_PERMISSION (USER_ROLE_ID, PERMISSION_ID) VALUES ('3', '40');
INSERT INTO ROLE_PERMISSION (USER_ROLE_ID, PERMISSION_ID) VALUES ('3', '41');


INSERT INTO T_USER (USER_ID, LAST_LOGIN, password, email, REG_DATE, username) VALUES ('1', '2017-01-10T12:30:00', 'password', 'ivan@gmail.com', '2016-11-12', 'ivan');
INSERT INTO T_USER (USER_ID, LAST_LOGIN, password, email, REG_DATE, username) VALUES ('2', '2017-01-26T11:10:10', '123123123', 'grigorkata77@abv.com', '2016-12-29', 'grigor');
INSERT INTO T_USER (USER_ID, LAST_LOGIN, password, email, REG_DATE, username) VALUES ('3', '2017-01-26T23:11:10', '123456789a', 'pena23@abv.com', '2014-07-12', 'baba_pena');
INSERT INTO T_USER (USER_ID, LAST_LOGIN, password, email, REG_DATE, username) VALUES ('4', '2017-01-27T13:12:10', '123456789b', 'georgi@abv.com', '2017-01-27', 'georgi');
INSERT INTO T_USER (USER_ID, LAST_LOGIN, password, email, REG_DATE, username) VALUES ('5', '2017-01-25T23:14:10', '123456789c', 'joshua@abv.com', '2017-01-25', 'joshua');
INSERT INTO T_USER (USER_ID, LAST_LOGIN, password, email, REG_DATE, username) VALUES ('6', '2017-01-24T14:12:10', '123456789d', 'johnny@abv.com', '2017-01-24', 'johnny');
INSERT INTO T_USER (USER_ID, LAST_LOGIN, password, email, REG_DATE, username) VALUES ('7', '2017-01-23T23:23:23', '123456789e', 'nikolai@abv.com', '2017-01-23', 'niksana');
INSERT INTO T_USER (USER_ID, LAST_LOGIN, password, email, REG_DATE, username) VALUES ('8', '2017-01-28T14:12:10', '123456789f', 'david@abv.com', '2017-01-27', 'david');
INSERT INTO T_USER (USER_ID, LAST_LOGIN, password, email, REG_DATE, username) VALUES ('9', '2017-01-29T15:15:10', '123456789g', 'stefcho@abv.com', '2017-01-28', 'stefcho');
INSERT INTO T_USER (USER_ID, LAST_LOGIN, password, email, REG_DATE, username) VALUES ('10', '2017-01-30T13:12:10', '123456789b', 'iordan@abv.com', '2017-01-29', 'dakata');


INSERT INTO USER_ROLE (USER_ID, USER_ROLE_ID) VALUES ('1', '1');
INSERT INTO USER_ROLE (USER_ID, USER_ROLE_ID) VALUES ('2', '2');
INSERT INTO USER_ROLE (USER_ID, USER_ROLE_ID) VALUES ('3', '4');
INSERT INTO USER_ROLE (USER_ID, USER_ROLE_ID) VALUES ('4', '3');
INSERT INTO USER_ROLE (USER_ID, USER_ROLE_ID) VALUES ('5', '3');
INSERT INTO USER_ROLE (USER_ID, USER_ROLE_ID) VALUES ('6', '3');
INSERT INTO USER_ROLE (USER_ID, USER_ROLE_ID) VALUES ('7', '4');
INSERT INTO USER_ROLE (USER_ID, USER_ROLE_ID) VALUES ('8', '4');
INSERT INTO USER_ROLE (USER_ID, USER_ROLE_ID) VALUES ('9', '4');
INSERT INTO USER_ROLE (USER_ID, USER_ROLE_ID) VALUES ('10', '2');

INSERT INTO PERSONAL_DATA (PERSONAL_DATA_ID, address, egn, FULL_NAME, IDENTITY_EXPIRE_DATE, IDENTITY_ISSUE_DATE, IDENTITY_ISSUED_BY, IDENTITY_NUMBER, phone) VALUES ('1', 'some street', '9201275304', 'Spas Spasov', '10/12/2020', '10/12/2010', 'some MVR', '123456789', '213124124');
INSERT INTO PERSONAL_DATA (PERSONAL_DATA_ID, address, egn, FULL_NAME, IDENTITY_EXPIRE_DATE, IDENTITY_ISSUE_DATE, IDENTITY_ISSUED_BY, IDENTITY_NUMBER, phone) VALUES ('2', 'street 11', '9105165327', 'Grigor Dimitrov', '15/12/2020', '15/12/2010', 'MVR Ruse', '526441710', '0883888888');
INSERT INTO PERSONAL_DATA (PERSONAL_DATA_ID, address, egn, FULL_NAME, IDENTITY_EXPIRE_DATE, IDENTITY_ISSUE_DATE, IDENTITY_ISSUED_BY, IDENTITY_NUMBER, phone) VALUES ('3', 'street 12', '3102128936', 'Pena Ivanova', '17/11/2019', '17/11/2009', 'MVR Varna', '899121883', '0885455661');
INSERT INTO PERSONAL_DATA (PERSONAL_DATA_ID, address, egn, FULL_NAME, IDENTITY_EXPIRE_DATE, IDENTITY_ISSUE_DATE, IDENTITY_ISSUED_BY, IDENTITY_NUMBER, phone) VALUES ('4', 'street 13', '9104023426', 'Georgi Petrov', '27/01/2018', '27/01/2008', 'MVR Varna', '947343109', '0886595959');
INSERT INTO PERSONAL_DATA (PERSONAL_DATA_ID, address, egn, FULL_NAME, IDENTITY_EXPIRE_DATE, IDENTITY_ISSUE_DATE, IDENTITY_ISSUED_BY, IDENTITY_NUMBER, phone) VALUES ('5', 'street 14', '9107154482', 'Joshua Trump', '28/02/2021', '28/02/2011', 'MVR Ruse', '468127990', '0884789885');
INSERT INTO PERSONAL_DATA (PERSONAL_DATA_ID, address, egn, FULL_NAME, IDENTITY_EXPIRE_DATE, IDENTITY_ISSUE_DATE, IDENTITY_ISSUED_BY, IDENTITY_NUMBER, phone) VALUES ('6', 'street 15', '9108239840', 'Johnny Depp', '29/03/2022', '29/03/2012', 'MVR Burgas', '505850482', '0898888777');
INSERT INTO PERSONAL_DATA (PERSONAL_DATA_ID, address, egn, FULL_NAME, IDENTITY_EXPIRE_DATE, IDENTITY_ISSUE_DATE, IDENTITY_ISSUED_BY, IDENTITY_NUMBER, phone) VALUES ('7', 'street 16', '9109231762', 'Nikolai Nikolov', '13/04/2023', '13/04/2013', 'MVR Ruse', '672661246', '0898555123');
INSERT INTO PERSONAL_DATA (PERSONAL_DATA_ID, address, egn, FULL_NAME, IDENTITY_EXPIRE_DATE, IDENTITY_ISSUE_DATE, IDENTITY_ISSUED_BY, IDENTITY_NUMBER, phone) VALUES ('8', 'street 17', '9109309304', 'David Beckham', '15/04/2023', '15/04/2013', 'MVR Sofiq', '701115038', '0897443556');
INSERT INTO PERSONAL_DATA (PERSONAL_DATA_ID, address, egn, FULL_NAME, IDENTITY_EXPIRE_DATE, IDENTITY_ISSUE_DATE, IDENTITY_ISSUED_BY, IDENTITY_NUMBER, phone) VALUES ('9', 'street 18', '9201063964', 'Stefan Nedelchev', '17/05/2023', '17/05/2013', 'MVR Ruse', '394875313', '0883562412');
INSERT INTO PERSONAL_DATA (PERSONAL_DATA_ID, address, egn, FULL_NAME, IDENTITY_EXPIRE_DATE, IDENTITY_ISSUE_DATE, IDENTITY_ISSUED_BY, IDENTITY_NUMBER, phone) VALUES ('10', 'street 19', '9202053964', 'Petar Nedelchev', '17/05/2023', '17/05/2013', 'MVR Ruse', '394875313', '0883562343');
INSERT INTO PERSONAL_DATA (PERSONAL_DATA_ID, address, egn, FULL_NAME, IDENTITY_EXPIRE_DATE, IDENTITY_ISSUE_DATE, IDENTITY_ISSUED_BY, IDENTITY_NUMBER, phone) VALUES ('11', 'street 20', '9112053964', 'Bai Tanas Debelia', '17/05/2023', '17/05/2013', 'MVR Silistra', '114875313', '0883112341');


INSERT INTO EMPLOYEE (EMPLOYEE_ID, DATE_HIRED, PERSONAL_DATA_ID, USER_ID) VALUES ('1', '12/11/2016', '1', '1');
INSERT INTO EMPLOYEE (EMPLOYEE_ID, DATE_HIRED, PERSONAL_DATA_ID, USER_ID) VALUES ('2', '29/12/2016', '2', '2');
INSERT INTO EMPLOYEE (EMPLOYEE_ID, DATE_HIRED, PERSONAL_DATA_ID, USER_ID) VALUES ('3', '27/01/2014', '3', '3');
INSERT INTO EMPLOYEE (EMPLOYEE_ID, DATE_HIRED, PERSONAL_DATA_ID, USER_ID) VALUES ('4', '27/01/2017', '4', '4');
INSERT INTO EMPLOYEE (EMPLOYEE_ID, DATE_HIRED, PERSONAL_DATA_ID, USER_ID) VALUES ('5', '25/01/2017', '5', '5');
INSERT INTO EMPLOYEE (EMPLOYEE_ID, DATE_HIRED, PERSONAL_DATA_ID, USER_ID) VALUES ('6', '24/01/2017', '6', '6');
INSERT INTO EMPLOYEE (EMPLOYEE_ID, DATE_HIRED, PERSONAL_DATA_ID, USER_ID) VALUES ('7', '23/01/2017', '7', '7');
INSERT INTO EMPLOYEE (EMPLOYEE_ID, DATE_HIRED, PERSONAL_DATA_ID, USER_ID) VALUES ('8', '27/01/2017', '8', '8');
INSERT INTO EMPLOYEE (EMPLOYEE_ID, DATE_HIRED, PERSONAL_DATA_ID, USER_ID) VALUES ('9', '28/01/2017', '9', '9');
INSERT INTO EMPLOYEE (EMPLOYEE_ID, DATE_HIRED, PERSONAL_DATA_ID, USER_ID) VALUES ('10', '29/01/2017', '10', '10');

INSERT INTO GUEST (GUEST_ID, NUMBER_RESERVATIONS, STATUS, PERSONAL_DATA_ID) VALUES ('1', 2, 0, '11');


INSERT INTO ROOM (NUMBER, BEDS_DOUBLE, BEDS_SINGLE, ROOM_CLASS, STATUS, CHILDREN, PETS, MINIBAR)  VALUES
(101, 1, 0, 0, 0, FALSE, FALSE, TRUE),
(102, 0, 1, 2, 1, FALSE, FALSE, FALSE),
(103, 0, 1, 2, 0, FALSE, FALSE, FALSE),
(201, 1, 1, 0, 0, TRUE, FALSE, TRUE),
(202, 1, 0, 1, 2, TRUE, TRUE, FALSE),
(203, 0, 3, 2, 1, FALSE, FALSE, FALSE),
(301, 0, 1, 0, 0, FALSE, FALSE, TRUE),
(302, 1, 0, 1, 0, TRUE, TRUE, TRUE),
(303, 0, 2, 1, 1, FALSE, TRUE, TRUE),
(304, 1, 1, 0, 2, TRUE, FALSE, TRUE),
(401, 0, 2, 1, 0, FALSE, TRUE, TRUE),
(402, 1, 2, 0, 0, TRUE, TRUE, TRUE);

INSERT INTO RESERVATION
  (reservation_id, all_inclusive, breakfast, dinner, discount, end_date, C_GROUP, last_modified_by_user_id, last_modified_time, number_adults, number_children, price, employee_id, start_date, status)
    VALUES('1', false, true, false, 0, '14/02/2017', false, null, null, 2, 1, 40.0, '5', '10/02/2017', 0);

INSERT INTO RESERVATION_GUEST (reservation_guest_id, reservation_id, guest_id, room_id, is_owner)
VALUES(1, 1, 1, 5, true);
