INSERT INTO PERMISSION (PERMISSION_ID, permission) VALUES ('0', 'ADMIN');
INSERT INTO PERMISSION (PERMISSION_ID, permission) VALUES ('1', 'PERM_VIEW_USER');
INSERT INTO PERMISSION (PERMISSION_ID, permission) VALUES ('2', 'PERM_REMOVE_USER');
INSERT INTO PERMISSION (PERMISSION_ID, permission) VALUES ('3', 'PERM_EDIT_USER');
INSERT INTO PERMISSION (PERMISSION_ID, permission) VALUES ('4', 'PERM_CREATE_USER');
INSERT INTO PERMISSION (PERMISSION_ID, permission) VALUES ('5', 'PERM_VIEW_ROOM');
INSERT INTO PERMISSION (PERMISSION_ID, permission) VALUES ('6', 'PERM_REMOVE_ROOM');
INSERT INTO PERMISSION (PERMISSION_ID, permission) VALUES ('7', 'PERM_EDIT_ROOM');
INSERT INTO PERMISSION (PERMISSION_ID, permission) VALUES ('8', 'PERM_CREATE_ROOM');
INSERT INTO PERMISSION (PERMISSION_ID, permission) VALUES ('9', 'PERM_VIEW_RESERVATION');
INSERT INTO PERMISSION (PERMISSION_ID, permission) VALUES ('10', 'PERM_REMOVE_RESERVATION');
INSERT INTO PERMISSION (PERMISSION_ID, permission) VALUES ('11', 'PERM_EDIT_RESERVATION');
INSERT INTO PERMISSION (PERMISSION_ID, permission) VALUES ('12', 'PERM_CREATE_RESERVATION');
INSERT INTO PERMISSION (PERMISSION_ID, permission) VALUES ('13', 'PERM_CREATE_REQUEST');
INSERT INTO PERMISSION (PERMISSION_ID, permission) VALUES ('14', 'PERM_VIEW_REQUEST');
INSERT INTO PERMISSION (PERMISSION_ID, permission) VALUES ('15', 'PERM_REMOVE_REQUEST');
INSERT INTO PERMISSION (PERMISSION_ID, permission) VALUES ('16', 'PERM_EDIT_REQUEST');
INSERT INTO PERMISSION (PERMISSION_ID, permission) VALUES ('17', 'PERM_CREATE_PERSONALDATA');
INSERT INTO PERMISSION (PERMISSION_ID, permission) VALUES ('18', 'PERM_REMOVE_PERSONALDATA');
INSERT INTO PERMISSION (PERMISSION_ID, permission) VALUES ('19', 'PERM_EDIT_PERSONALDATA');
INSERT INTO PERMISSION (PERMISSION_ID, permission) VALUES ('20', 'PERM_CREATE_PERSONALDATA');
INSERT INTO PERMISSION (PERMISSION_ID, permission) VALUES ('21', 'PERM_CREATE_MEAL');
INSERT INTO PERMISSION (PERMISSION_ID, permission) VALUES ('22', 'PERM_CREATE_MEAL');
INSERT INTO PERMISSION (PERMISSION_ID, permission) VALUES ('23', 'PERM_CREATE_MEAL');
INSERT INTO PERMISSION (PERMISSION_ID, permission) VALUES ('24', 'PERM_CREATE_MEAL');
INSERT INTO PERMISSION (PERMISSION_ID, permission) VALUES ('25', 'PERM_CREATE_GUEST');
INSERT INTO PERMISSION (PERMISSION_ID, permission) VALUES ('26', 'PERM_CREATE_GUEST');
INSERT INTO PERMISSION (PERMISSION_ID, permission) VALUES ('27', 'PERM_CREATE_GUEST');
INSERT INTO PERMISSION (PERMISSION_ID, permission) VALUES ('28', 'PERM_CREATE_GUEST');
INSERT INTO PERMISSION (PERMISSION_ID, permission) VALUES ('29', 'PERM_CREATE_EMPLOYEE');
INSERT INTO PERMISSION (PERMISSION_ID, permission) VALUES ('30', 'PERM_CREATE_EMPLOYEE');
INSERT INTO PERMISSION (PERMISSION_ID, permission) VALUES ('31', 'PERM_CREATE_EMPLOYEE');
INSERT INTO PERMISSION (PERMISSION_ID, permission) VALUES ('32', 'PERM_CREATE_EMPLOYEE');


INSERT INTO ROLE (USER_ROLE_ID, ROLE_NAME) VALUES ('1', 'ADMIN');
INSERT INTO ROLE (USER_ROLE_ID, ROLE_NAME) VALUES ('2', 'MANAGER');
INSERT INTO ROLE (USER_ROLE_ID, ROLE_NAME) VALUES ('3', 'RECEPTION');
INSERT INTO ROLE (USER_ROLE_ID, ROLE_NAME) VALUES ('4', 'SERVICE');
INSERT INTO ROLE (USER_ROLE_ID, ROLE_NAME) VALUES ('5', 'CLIENT');

INSERT INTO ROLE_PERMISSION (USER_ROLE_ID, PERMISSION_ID) VALUES ('1', '0');
INSERT INTO ROLE_PERMISSION (USER_ROLE_ID, PERMISSION_ID) VALUES ('1', '1');
INSERT INTO ROLE_PERMISSION (USER_ROLE_ID, PERMISSION_ID) VALUES ('1', '2');
INSERT INTO ROLE_PERMISSION (USER_ROLE_ID, PERMISSION_ID) VALUES ('1', '3');
INSERT INTO ROLE_PERMISSION (USER_ROLE_ID, PERMISSION_ID) VALUES ('1', '4');
INSERT INTO ROLE_PERMISSION (USER_ROLE_ID, PERMISSION_ID) VALUES ('1', '5');
INSERT INTO ROLE_PERMISSION (USER_ROLE_ID, PERMISSION_ID) VALUES ('1', '6');
INSERT INTO ROLE_PERMISSION (USER_ROLE_ID, PERMISSION_ID) VALUES ('1', '7');
INSERT INTO ROLE_PERMISSION (USER_ROLE_ID, PERMISSION_ID) VALUES ('1', '8');
INSERT INTO ROLE_PERMISSION (USER_ROLE_ID, PERMISSION_ID) VALUES ('1', '9');
INSERT INTO ROLE_PERMISSION (USER_ROLE_ID, PERMISSION_ID) VALUES ('1', '10');
INSERT INTO ROLE_PERMISSION (USER_ROLE_ID, PERMISSION_ID) VALUES ('1', '11');
INSERT INTO ROLE_PERMISSION (USER_ROLE_ID, PERMISSION_ID) VALUES ('1', '12');
INSERT INTO ROLE_PERMISSION (USER_ROLE_ID, PERMISSION_ID) VALUES ('1', '13');
INSERT INTO ROLE_PERMISSION (USER_ROLE_ID, PERMISSION_ID) VALUES ('1', '14');
INSERT INTO ROLE_PERMISSION (USER_ROLE_ID, PERMISSION_ID) VALUES ('1', '15');
INSERT INTO ROLE_PERMISSION (USER_ROLE_ID, PERMISSION_ID) VALUES ('1', '16');
INSERT INTO ROLE_PERMISSION (USER_ROLE_ID, PERMISSION_ID) VALUES ('1', '17');
INSERT INTO ROLE_PERMISSION (USER_ROLE_ID, PERMISSION_ID) VALUES ('1', '18');
INSERT INTO ROLE_PERMISSION (USER_ROLE_ID, PERMISSION_ID) VALUES ('1', '19');
INSERT INTO ROLE_PERMISSION (USER_ROLE_ID, PERMISSION_ID) VALUES ('1', '20');
INSERT INTO ROLE_PERMISSION (USER_ROLE_ID, PERMISSION_ID) VALUES ('1', '21');
INSERT INTO ROLE_PERMISSION (USER_ROLE_ID, PERMISSION_ID) VALUES ('1', '22');
INSERT INTO ROLE_PERMISSION (USER_ROLE_ID, PERMISSION_ID) VALUES ('1', '23');
INSERT INTO ROLE_PERMISSION (USER_ROLE_ID, PERMISSION_ID) VALUES ('1', '24');
INSERT INTO ROLE_PERMISSION (USER_ROLE_ID, PERMISSION_ID) VALUES ('1', '25');
INSERT INTO ROLE_PERMISSION (USER_ROLE_ID, PERMISSION_ID) VALUES ('1', '26');
INSERT INTO ROLE_PERMISSION (USER_ROLE_ID, PERMISSION_ID) VALUES ('1', '27');
INSERT INTO ROLE_PERMISSION (USER_ROLE_ID, PERMISSION_ID) VALUES ('1', '28');
INSERT INTO ROLE_PERMISSION (USER_ROLE_ID, PERMISSION_ID) VALUES ('1', '29');
INSERT INTO ROLE_PERMISSION (USER_ROLE_ID, PERMISSION_ID) VALUES ('1', '30');
INSERT INTO ROLE_PERMISSION (USER_ROLE_ID, PERMISSION_ID) VALUES ('1', '31');
INSERT INTO ROLE_PERMISSION (USER_ROLE_ID, PERMISSION_ID) VALUES ('1', '32');


INSERT INTO T_USER (USER_ID, LAST_LOGIN, password, email, REG_DATE, username) VALUES ('1', '2017-01-10T12:30:00', 'password', 'ivan@gmail.com', '2016-11-12T11:30:30', 'ivan');

INSERT INTO USER_ROLE (USER_ID, USER_ROLE_ID) VALUES ('1', '1');

INSERT INTO EMPLOYEE (EMPLOYEE_ID, DATE_HIRED) VALUES ('1', '12/11/2016');

INSERT INTO PERSONAL_DATA (PERSONAL_DATA_ID, address, egn, FULL_NAME, IDENTITY_EXPIRE_DATE, IDENTITY_ISSUE_DATE, IDENTITY_ISSUED_BY, IDENTITY_NUMBER, phone) VALUES ('1', 'some street', '9201275304', 'Spas Spasov', '10/12/2020', '10/12/2010', 'some MVR', '123456789', '213124124');

INSERT INTO EMPLOYEE_PERSONAL_DATA (EMPLOYEE_ID, PERSONAL_DATA_ID) VALUES ('1', '1');

INSERT INTO USER_EMPLOYEE (USER_ID, EMPLOYEE_ID) VALUES ('1', '1');